{
  "Access": {
    "precision": 0.9094766619519095,
    "recall": 0.9030898876404494,
    "f1-score": 0.9062720225510923,
    "support": 712.0
  },
  "Administrative rights": {
    "precision": 0.8389261744966443,
    "recall": 0.7102272727272727,
    "f1-score": 0.7692307692307693,
    "support": 176.0
  },
  "HR Support": {
    "precision": 0.873087308730873,
    "recall": 0.8882783882783882,
    "f1-score": 0.8806173399909215,
    "support": 1092.0
  },
  "Hardware": {
    "precision": 0.8284518828451883,
    "recall": 0.8722466960352423,
    "f1-score": 0.8497854077253219,
    "support": 1362.0
  },
  "Internal Project": {
    "precision": 0.9132653061224489,
    "recall": 0.8443396226415094,
    "f1-score": 0.8774509803921569,
    "support": 212.0
  },
  "Miscellaneous": {
    "precision": 0.833810888252149,
    "recall": 0.8243626062322946,
    "f1-score": 0.8290598290598291,
    "support": 706.0
  },
  "Purchase": {
    "precision": 0.9594594594594594,
    "recall": 0.8658536585365854,
    "f1-score": 0.9102564102564102,
    "support": 246.0
  },
  "Storage": {
    "precision": 0.9101123595505618,
    "recall": 0.8741007194244604,
    "f1-score": 0.8917431192660551,
    "support": 278.0
  },
  "accuracy": 0.8660117056856187,
  "macro avg": {
    "precision": 0.8833237551761544,
    "recall": 0.8478123564395252,
    "f1-score": 0.8643019848090696,
    "support": 4784.0
  },
  "weighted avg": {
    "precision": 0.8671158425118078,
    "recall": 0.8660117056856187,
    "f1-score": 0.8659815358008748,
    "support": 4784.0
  }
}