{
  "Access": {
    "precision": 0.9121813031161473,
    "recall": 0.9044943820224719,
    "f1-score": 0.9083215796897038,
    "support": 712.0
  },
  "Administrative rights": {
    "precision": 0.847682119205298,
    "recall": 0.7272727272727273,
    "f1-score": 0.7828746177370031,
    "support": 176.0
  },
  "HR Support": {
    "precision": 0.875,
    "recall": 0.8910256410256411,
    "f1-score": 0.882940108892922,
    "support": 1092.0
  },
  "Hardware": {
    "precision": 0.8292682926829268,
    "recall": 0.8737151248164464,
    "f1-score": 0.8509116910976046,
    "support": 1362.0
  },
  "Internal Project": {
    "precision": 0.9128205128205128,
    "recall": 0.839622641509434,
    "f1-score": 0.8746928746928747,
    "support": 212.0
  },
  "Miscellaneous": {
    "precision": 0.835243553008596,
    "recall": 0.8257790368271954,
    "f1-score": 0.8304843304843305,
    "support": 706.0
  },
  "Purchase": {
    "precision": 0.9594594594594594,
    "recall": 0.8658536585365854,
    "f1-score": 0.9102564102564102,
    "support": 246.0
  },
  "Storage": {
    "precision": 0.9207547169811321,
    "recall": 0.8776978417266187,
    "f1-score": 0.8987108655616943,
    "support": 278.0
  },
  "accuracy": 0.8681020066889632,
  "macro avg": {
    "precision": 0.886551244659259,
    "recall": 0.8506826317171401,
    "f1-score": 0.867399059801568,
    "support": 4784.0
  },
  "weighted avg": {
    "precision": 0.8693196678350282,
    "recall": 0.8681020066889632,
    "f1-score": 0.8681322625319492,
    "support": 4784.0
  }
}